model,method,severity,feature_delta,metric,rho,n
resnet101,cam,1,abs_delta_brightness,xai_iou,0.12411067193675888,45
resnet101,cam,1,abs_delta_contrast,xai_iou,0.12700922266139655,45
resnet101,cam,1,abs_delta_hf_energy,xai_iou,0.05731225296442687,45
resnet101,cam,1,abs_delta_edge_strength,xai_iou,-0.008168642951251647,45
resnet101,cam,1,abs_delta_entropy,xai_iou,0.14703557312252963,45
resnet101,cam,1,abs_delta_saturation,xai_iou,0.03359683794466403,45
resnet101,cam,1,abs_delta_colorfulness,xai_iou,0.17127799736495386,45
resnet101,cam,2,abs_delta_brightness,xai_iou,0.037285902503293805,45
resnet101,cam,2,abs_delta_contrast,xai_iou,0.36455862977602105,45
resnet101,cam,2,abs_delta_hf_energy,xai_iou,0.27167325428194994,45
resnet101,cam,2,abs_delta_edge_strength,xai_iou,0.0857707509881423,45
resnet101,cam,2,abs_delta_entropy,xai_iou,0.3689064558629776,45
resnet101,cam,2,abs_delta_saturation,xai_iou,0.06350461133069828,45
resnet101,cam,2,abs_delta_colorfulness,xai_iou,0.2520421607378129,45
resnet101,cam,3,abs_delta_brightness,xai_iou,0.03820816864295125,45
resnet101,cam,3,abs_delta_contrast,xai_iou,0.17852437417654807,45
resnet101,cam,3,abs_delta_hf_energy,xai_iou,0.11699604743083003,45
resnet101,cam,3,abs_delta_edge_strength,xai_iou,0.09815546772068512,45
resnet101,cam,3,abs_delta_entropy,xai_iou,0.41264822134387347,45
resnet101,cam,3,abs_delta_saturation,xai_iou,0.275098814229249,45
resnet101,cam,3,abs_delta_colorfulness,xai_iou,0.3581027667984189,45
resnet101,cam,4,abs_delta_brightness,xai_iou,0.15757575757575756,45
resnet101,cam,4,abs_delta_contrast,xai_iou,0.18577075098814227,45
resnet101,cam,4,abs_delta_hf_energy,xai_iou,0.04953886693017127,45
resnet101,cam,4,abs_delta_edge_strength,xai_iou,0.05019762845849802,45
resnet101,cam,4,abs_delta_entropy,xai_iou,0.4777338603425559,45
resnet101,cam,4,abs_delta_saturation,xai_iou,0.19472990777338603,45
resnet101,cam,4,abs_delta_colorfulness,xai_iou,0.3089591567852437,45
resnet101,cam,5,abs_delta_brightness,xai_iou,0.20079051383399207,45
resnet101,cam,5,abs_delta_contrast,xai_iou,0.17470355731225296,45
resnet101,cam,5,abs_delta_hf_energy,xai_iou,-0.031225296442687744,45
resnet101,cam,5,abs_delta_edge_strength,xai_iou,-0.13728590250329378,45
resnet101,cam,5,abs_delta_entropy,xai_iou,0.34413702239789196,45
resnet101,cam,5,abs_delta_saturation,xai_iou,0.15019762845849802,45
resnet101,cam,5,abs_delta_colorfulness,xai_iou,0.24571805006587613,45
resnet101,cam,1,abs_delta_brightness,prob_drop,-0.07351778656126481,45
resnet101,cam,1,abs_delta_contrast,prob_drop,-0.04690382081686429,45
resnet101,cam,1,abs_delta_hf_energy,prob_drop,-0.15309617918313567,45
resnet101,cam,1,abs_delta_edge_strength,prob_drop,-0.28972332015810276,45
resnet101,cam,1,abs_delta_entropy,prob_drop,-0.055335968379446626,45
resnet101,cam,1,abs_delta_saturation,prob_drop,-0.03359683794466403,45
resnet101,cam,1,abs_delta_colorfulness,prob_drop,-0.2675889328063241,45
resnet101,cam,2,abs_delta_brightness,prob_drop,0.18761528326745716,45
resnet101,cam,2,abs_delta_contrast,prob_drop,-0.07154150197628459,45
resnet101,cam,2,abs_delta_hf_energy,prob_drop,-0.17180500658761524,45
resnet101,cam,2,abs_delta_edge_strength,prob_drop,-0.19986824769433462,45
resnet101,cam,2,abs_delta_entropy,prob_drop,-0.057707509881422925,45
resnet101,cam,2,abs_delta_saturation,prob_drop,0.1882740447957839,45
resnet101,cam,2,abs_delta_colorfulness,prob_drop,-0.1823451910408432,45
resnet101,cam,3,abs_delta_brightness,prob_drop,-0.05072463768115942,45
resnet101,cam,3,abs_delta_contrast,prob_drop,-0.09380764163372858,45
resnet101,cam,3,abs_delta_hf_energy,prob_drop,-0.1276679841897233,45
resnet101,cam,3,abs_delta_edge_strength,prob_drop,-0.1458498023715415,45
resnet101,cam,3,abs_delta_entropy,prob_drop,-0.11488801054018445,45
resnet101,cam,3,abs_delta_saturation,prob_drop,0.021080368906455864,45
resnet101,cam,3,abs_delta_colorfulness,prob_drop,-0.20184453227931487,45
resnet101,cam,4,abs_delta_brightness,prob_drop,-0.03478260869565217,45
resnet101,cam,4,abs_delta_contrast,prob_drop,-0.11172595520421606,45
resnet101,cam,4,abs_delta_hf_energy,prob_drop,0.03412384716732543,45
resnet101,cam,4,abs_delta_edge_strength,prob_drop,-0.0461133069828722,45
resnet101,cam,4,abs_delta_entropy,prob_drop,-0.08405797101449275,45
resnet101,cam,4,abs_delta_saturation,prob_drop,0.138866930171278,45
resnet101,cam,4,abs_delta_colorfulness,prob_drop,-0.1235836627140975,45
resnet101,cam,5,abs_delta_brightness,prob_drop,0.04321475625823452,45
resnet101,cam,5,abs_delta_contrast,prob_drop,-0.1799736495388669,45
resnet101,cam,5,abs_delta_hf_energy,prob_drop,0.02121212121212121,45
resnet101,cam,5,abs_delta_edge_strength,prob_drop,-0.00013175230566534913,45
resnet101,cam,5,abs_delta_entropy,prob_drop,0.059947299077733864,45
resnet101,cam,5,abs_delta_saturation,prob_drop,0.14334650856389985,45
resnet101,cam,5,abs_delta_colorfulness,prob_drop,-0.07799736495388668,45
resnet101,cam,1,abs_delta_brightness,centroid_shift,-0.1142292490118577,45
resnet101,cam,1,abs_delta_contrast,centroid_shift,-0.15243741765480895,45
resnet101,cam,1,abs_delta_hf_energy,centroid_shift,-0.003162055335968379,45
resnet101,cam,1,abs_delta_edge_strength,centroid_shift,0.07114624505928853,45
resnet101,cam,1,abs_delta_entropy,centroid_shift,-0.11040843214756257,45
resnet101,cam,1,abs_delta_saturation,centroid_shift,0.059815546772068504,45
resnet101,cam,1,abs_delta_colorfulness,centroid_shift,-0.09499341238471673,45
resnet101,cam,2,abs_delta_brightness,centroid_shift,-0.14953886693017127,45
resnet101,cam,2,abs_delta_contrast,centroid_shift,-0.4328063241106719,45
resnet101,cam,2,abs_delta_hf_energy,centroid_shift,0.006324110671936758,45
resnet101,cam,2,abs_delta_edge_strength,centroid_shift,0.17760210803689064,45
resnet101,cam,2,abs_delta_entropy,centroid_shift,-0.3795783926218709,45
resnet101,cam,2,abs_delta_saturation,centroid_shift,0.0600790513833992,45
resnet101,cam,2,abs_delta_colorfulness,centroid_shift,-0.045849802371541494,45
resnet101,cam,3,abs_delta_brightness,centroid_shift,-0.06693017127799736,45
resnet101,cam,3,abs_delta_contrast,centroid_shift,-0.3326745718050066,45
resnet101,cam,3,abs_delta_hf_energy,centroid_shift,-0.05928853754940711,45
resnet101,cam,3,abs_delta_edge_strength,centroid_shift,-0.007246376811594202,45
resnet101,cam,3,abs_delta_entropy,centroid_shift,-0.4387351778656126,45
resnet101,cam,3,abs_delta_saturation,centroid_shift,-0.255862977602108,45
resnet101,cam,3,abs_delta_colorfulness,centroid_shift,-0.22529644268774704,45
resnet101,cam,4,abs_delta_brightness,centroid_shift,-0.08761528326745717,45
resnet101,cam,4,abs_delta_contrast,centroid_shift,-0.20869565217391303,45
resnet101,cam,4,abs_delta_hf_energy,centroid_shift,0.054018445322793145,45
resnet101,cam,4,abs_delta_edge_strength,centroid_shift,0.01818181818181818,45
resnet101,cam,4,abs_delta_entropy,centroid_shift,-0.3334650856389986,45
resnet101,cam,4,abs_delta_saturation,centroid_shift,0.0533596837944664,45
resnet101,cam,4,abs_delta_colorfulness,centroid_shift,-0.04914361001317522,45
resnet101,cam,5,abs_delta_brightness,centroid_shift,-0.13833992094861658,45
resnet101,cam,5,abs_delta_contrast,centroid_shift,-0.12595520421607376,45
resnet101,cam,5,abs_delta_hf_energy,centroid_shift,0.004347826086956521,45
resnet101,cam,5,abs_delta_edge_strength,centroid_shift,0.015810276679841896,45
resnet101,cam,5,abs_delta_entropy,centroid_shift,-0.35256916996047427,45
resnet101,cam,5,abs_delta_saturation,centroid_shift,-0.09130434782608696,45
resnet101,cam,5,abs_delta_colorfulness,centroid_shift,-0.19301712779973648,45
resnet101,ig,1,abs_delta_brightness,xai_iou,-0.16745718050065875,45
resnet101,ig,1,abs_delta_contrast,xai_iou,-0.008959156785243741,45
resnet101,ig,1,abs_delta_hf_energy,xai_iou,-0.07088274044795784,45
resnet101,ig,1,abs_delta_edge_strength,xai_iou,0.0541501976284585,45
resnet101,ig,1,abs_delta_entropy,xai_iou,0.001054018445322793,45
resnet101,ig,1,abs_delta_saturation,xai_iou,-0.22305665349143605,45
resnet101,ig,1,abs_delta_colorfulness,xai_iou,0.07312252964426876,45
resnet101,ig,2,abs_delta_brightness,xai_iou,-0.3851246749347093,45
resnet101,ig,2,abs_delta_contrast,xai_iou,0.11311308020234279,45
resnet101,ig,2,abs_delta_hf_energy,xai_iou,-0.021146941610338983,45
resnet101,ig,2,abs_delta_edge_strength,xai_iou,-0.061332718502260415,45
resnet101,ig,2,abs_delta_entropy,xai_iou,-0.05968576043291937,45
resnet101,ig,2,abs_delta_saturation,xai_iou,-0.3426990350684841,45
resnet101,ig,2,abs_delta_colorfulness,xai_iou,-0.08103033701157929,45
resnet101,ig,3,abs_delta_brightness,xai_iou,-0.5087782867808348,45
resnet101,ig,3,abs_delta_contrast,xai_iou,0.2646332225817187,45
resnet101,ig,3,abs_delta_hf_energy,xai_iou,-0.058434072300220186,45
resnet101,ig,3,abs_delta_edge_strength,xai_iou,-0.11067558225971803,45
resnet101,ig,3,abs_delta_entropy,xai_iou,-0.09091208542762554,45
resnet101,ig,3,abs_delta_saturation,xai_iou,-0.23011298144833045,45
resnet101,ig,3,abs_delta_colorfulness,xai_iou,-0.19684442844764136,45
resnet101,ig,4,abs_delta_brightness,xai_iou,-0.6121212121212121,45
resnet101,ig,4,abs_delta_contrast,xai_iou,0.060210803689064556,45
resnet101,ig,4,abs_delta_hf_energy,xai_iou,-0.14703557312252963,45
resnet101,ig,4,abs_delta_edge_strength,xai_iou,-0.0455862977602108,45
resnet101,ig,4,abs_delta_entropy,xai_iou,-0.06969696969696969,45
resnet101,ig,4,abs_delta_saturation,xai_iou,-0.35151515151515145,45
resnet101,ig,4,abs_delta_colorfulness,xai_iou,-0.2994729907773386,45
resnet101,ig,5,abs_delta_brightness,xai_iou,-0.6571805006587614,45
resnet101,ig,5,abs_delta_contrast,xai_iou,-0.021870882740447958,45
resnet101,ig,5,abs_delta_hf_energy,xai_iou,-0.21633728590250328,45
resnet101,ig,5,abs_delta_edge_strength,xai_iou,-0.16837944664031618,45
resnet101,ig,5,abs_delta_entropy,xai_iou,-0.2712779973649539,45
resnet101,ig,5,abs_delta_saturation,xai_iou,-0.42411067193675883,45
resnet101,ig,5,abs_delta_colorfulness,xai_iou,-0.40039525691699596,45
resnet101,ig,1,abs_delta_brightness,prob_drop,-0.07351778656126481,45
resnet101,ig,1,abs_delta_contrast,prob_drop,-0.04690382081686429,45
resnet101,ig,1,abs_delta_hf_energy,prob_drop,-0.15309617918313567,45
resnet101,ig,1,abs_delta_edge_strength,prob_drop,-0.28972332015810276,45
resnet101,ig,1,abs_delta_entropy,prob_drop,-0.055335968379446626,45
resnet101,ig,1,abs_delta_saturation,prob_drop,-0.03359683794466403,45
resnet101,ig,1,abs_delta_colorfulness,prob_drop,-0.2675889328063241,45
resnet101,ig,2,abs_delta_brightness,prob_drop,0.18761528326745716,45
resnet101,ig,2,abs_delta_contrast,prob_drop,-0.07154150197628459,45
resnet101,ig,2,abs_delta_hf_energy,prob_drop,-0.17180500658761524,45
resnet101,ig,2,abs_delta_edge_strength,prob_drop,-0.19986824769433462,45
resnet101,ig,2,abs_delta_entropy,prob_drop,-0.057707509881422925,45
resnet101,ig,2,abs_delta_saturation,prob_drop,0.1882740447957839,45
resnet101,ig,2,abs_delta_colorfulness,prob_drop,-0.1823451910408432,45
resnet101,ig,3,abs_delta_brightness,prob_drop,-0.05072463768115942,45
resnet101,ig,3,abs_delta_contrast,prob_drop,-0.09380764163372858,45
resnet101,ig,3,abs_delta_hf_energy,prob_drop,-0.1276679841897233,45
resnet101,ig,3,abs_delta_edge_strength,prob_drop,-0.1458498023715415,45
resnet101,ig,3,abs_delta_entropy,prob_drop,-0.11488801054018445,45
resnet101,ig,3,abs_delta_saturation,prob_drop,0.021080368906455864,45
resnet101,ig,3,abs_delta_colorfulness,prob_drop,-0.20184453227931487,45
resnet101,ig,4,abs_delta_brightness,prob_drop,-0.03478260869565217,45
resnet101,ig,4,abs_delta_contrast,prob_drop,-0.11172595520421606,45
resnet101,ig,4,abs_delta_hf_energy,prob_drop,0.03412384716732543,45
resnet101,ig,4,abs_delta_edge_strength,prob_drop,-0.0461133069828722,45
resnet101,ig,4,abs_delta_entropy,prob_drop,-0.08405797101449275,45
resnet101,ig,4,abs_delta_saturation,prob_drop,0.138866930171278,45
resnet101,ig,4,abs_delta_colorfulness,prob_drop,-0.1235836627140975,45
resnet101,ig,5,abs_delta_brightness,prob_drop,0.04321475625823452,45
resnet101,ig,5,abs_delta_contrast,prob_drop,-0.1799736495388669,45
resnet101,ig,5,abs_delta_hf_energy,prob_drop,0.02121212121212121,45
resnet101,ig,5,abs_delta_edge_strength,prob_drop,-0.00013175230566534913,45
resnet101,ig,5,abs_delta_entropy,prob_drop,0.059947299077733864,45
resnet101,ig,5,abs_delta_saturation,prob_drop,0.14334650856389985,45
resnet101,ig,5,abs_delta_colorfulness,prob_drop,-0.07799736495388668,45
resnet101,ig,1,abs_delta_brightness,centroid_shift,0.3051383399209486,45
resnet101,ig,1,abs_delta_contrast,centroid_shift,0.1820816864295125,45
resnet101,ig,1,abs_delta_hf_energy,centroid_shift,0.29973649538866926,45
resnet101,ig,1,abs_delta_edge_strength,centroid_shift,0.3537549407114624,45
resnet101,ig,1,abs_delta_entropy,centroid_shift,-0.030961791831357045,45
resnet101,ig,1,abs_delta_saturation,centroid_shift,0.11910408432147562,45
resnet101,ig,1,abs_delta_colorfulness,centroid_shift,0.06956521739130433,45
resnet101,ig,2,abs_delta_brightness,centroid_shift,0.127931488801054,45
resnet101,ig,2,abs_delta_contrast,centroid_shift,-0.11462450592885375,45
resnet101,ig,2,abs_delta_hf_energy,centroid_shift,0.20553359683794462,45
resnet101,ig,2,abs_delta_edge_strength,centroid_shift,0.18036890645586295,45
resnet101,ig,2,abs_delta_entropy,centroid_shift,-0.08524374176548088,45
resnet101,ig,2,abs_delta_saturation,centroid_shift,0.01831357048748353,45
resnet101,ig,2,abs_delta_colorfulness,centroid_shift,-0.025164690382081682,45
resnet101,ig,3,abs_delta_brightness,centroid_shift,0.20144927536231882,45
resnet101,ig,3,abs_delta_contrast,centroid_shift,-0.13557312252964424,45
resnet101,ig,3,abs_delta_hf_energy,centroid_shift,0.0992094861660079,45
resnet101,ig,3,abs_delta_edge_strength,centroid_shift,0.0380764163372859,45
resnet101,ig,3,abs_delta_entropy,centroid_shift,-0.035573122529644265,45
resnet101,ig,3,abs_delta_saturation,centroid_shift,-0.0769433465085639,45
resnet101,ig,3,abs_delta_colorfulness,centroid_shift,-0.11462450592885375,45
resnet101,ig,4,abs_delta_brightness,centroid_shift,0.255862977602108,45
resnet101,ig,4,abs_delta_contrast,centroid_shift,-0.007378129117259551,45
resnet101,ig,4,abs_delta_hf_energy,centroid_shift,0.0023715415019762843,45
resnet101,ig,4,abs_delta_edge_strength,centroid_shift,-0.15454545454545454,45
resnet101,ig,4,abs_delta_entropy,centroid_shift,-0.10316205533596837,45
resnet101,ig,4,abs_delta_saturation,centroid_shift,-0.04466403162055335,45
resnet101,ig,4,abs_delta_colorfulness,centroid_shift,-0.12648221343873517,45
resnet101,ig,5,abs_delta_brightness,centroid_shift,0.12635046113306983,45
resnet101,ig,5,abs_delta_contrast,centroid_shift,-0.06798418972332015,45
resnet101,ig,5,abs_delta_hf_energy,centroid_shift,-0.05191040843214756,45
resnet101,ig,5,abs_delta_edge_strength,centroid_shift,-0.06350461133069828,45
resnet101,ig,5,abs_delta_entropy,centroid_shift,0.01805006587615283,45
resnet101,ig,5,abs_delta_saturation,centroid_shift,-0.1758893280632411,45
resnet101,ig,5,abs_delta_colorfulness,centroid_shift,-0.17812911725955202,45
vit_b_16,cam,1,abs_delta_brightness,xai_iou,0.08411339994963889,45
vit_b_16,cam,1,abs_delta_contrast,xai_iou,-0.02412657083194971,45
vit_b_16,cam,1,abs_delta_hf_energy,xai_iou,-0.07237971249584914,45
vit_b_16,cam,1,abs_delta_edge_strength,xai_iou,-0.08991432408409673,45
vit_b_16,cam,1,abs_delta_entropy,xai_iou,0.07554385293282614,45
vit_b_16,cam,1,abs_delta_saturation,xai_iou,-0.10481215197486352,45
vit_b_16,cam,1,abs_delta_colorfulness,xai_iou,0.11549112594966092,45
vit_b_16,cam,2,abs_delta_brightness,xai_iou,0.03056854871908133,45
vit_b_16,cam,2,abs_delta_contrast,xai_iou,0.07852954757143307,45
vit_b_16,cam,2,abs_delta_hf_energy,xai_iou,-0.052770274836172734,45
vit_b_16,cam,2,abs_delta_edge_strength,xai_iou,-0.025891033721118454,45
vit_b_16,cam,2,abs_delta_entropy,xai_iou,0.06449700257754444,45
vit_b_16,cam,2,abs_delta_saturation,xai_iou,-0.23558864271429925,45
vit_b_16,cam,2,abs_delta_colorfulness,xai_iou,0.0015811318302973098,45
vit_b_16,cam,3,abs_delta_brightness,xai_iou,0.01871129282287395,45
vit_b_16,cam,3,abs_delta_contrast,xai_iou,0.05771511448182247,45
vit_b_16,cam,3,abs_delta_hf_energy,xai_iou,0.13611806680301966,45
vit_b_16,cam,3,abs_delta_edge_strength,xai_iou,0.0835419693640992,45
vit_b_16,cam,3,abs_delta_entropy,xai_iou,0.18724469789650625,45
vit_b_16,cam,3,abs_delta_saturation,xai_iou,-0.05587033913308841,45
vit_b_16,cam,3,abs_delta_colorfulness,xai_iou,0.26156279051693515,45
vit_b_16,cam,4,abs_delta_brightness,xai_iou,0.07630469426883747,45
vit_b_16,cam,4,abs_delta_contrast,xai_iou,0.0745914627912988,45
vit_b_16,cam,4,abs_delta_hf_energy,xai_iou,0.061676333191391944,45
vit_b_16,cam,4,abs_delta_edge_strength,xai_iou,0.03162888881609843,45
vit_b_16,cam,4,abs_delta_entropy,xai_iou,0.171586721827334,45
vit_b_16,cam,4,abs_delta_saturation,xai_iou,-0.18502899957417582,45
vit_b_16,cam,4,abs_delta_colorfulness,xai_iou,-0.02490774994267752,45
vit_b_16,cam,5,abs_delta_brightness,xai_iou,0.2551144821299475,45
vit_b_16,cam,5,abs_delta_contrast,xai_iou,-0.005402734383950335,45
vit_b_16,cam,5,abs_delta_hf_energy,xai_iou,-0.16840718396801285,45
vit_b_16,cam,5,abs_delta_edge_strength,xai_iou,-0.13098336530845445,45
vit_b_16,cam,5,abs_delta_entropy,xai_iou,-0.1672871048884134,45
vit_b_16,cam,5,abs_delta_saturation,xai_iou,-0.2442431263573645,45
vit_b_16,cam,5,abs_delta_colorfulness,xai_iou,0.02207214656857759,45
vit_b_16,cam,1,abs_delta_brightness,prob_drop,-0.122266139657444,45
vit_b_16,cam,1,abs_delta_contrast,prob_drop,0.07391304347826086,45
vit_b_16,cam,1,abs_delta_hf_energy,prob_drop,0.03478260869565217,45
vit_b_16,cam,1,abs_delta_edge_strength,prob_drop,-0.13188405797101446,45
vit_b_16,cam,1,abs_delta_entropy,prob_drop,-0.19828722002635044,45
vit_b_16,cam,1,abs_delta_saturation,prob_drop,-0.012911725955204217,45
vit_b_16,cam,1,abs_delta_colorfulness,prob_drop,-0.32345191040843213,45
vit_b_16,cam,2,abs_delta_brightness,prob_drop,0.010013175230566534,45
vit_b_16,cam,2,abs_delta_contrast,prob_drop,0.09249011857707509,45
vit_b_16,cam,2,abs_delta_hf_energy,prob_drop,-0.05955204216073781,45
vit_b_16,cam,2,abs_delta_edge_strength,prob_drop,-0.0035573122529644263,45
vit_b_16,cam,2,abs_delta_entropy,prob_drop,0.046245059288537546,45
vit_b_16,cam,2,abs_delta_saturation,prob_drop,0.13583662714097497,45
vit_b_16,cam,2,abs_delta_colorfulness,prob_drop,-0.2758893280632411,45
vit_b_16,cam,3,abs_delta_brightness,prob_drop,-0.0461133069828722,45
vit_b_16,cam,3,abs_delta_contrast,prob_drop,0.10131752305665347,45
vit_b_16,cam,3,abs_delta_hf_energy,prob_drop,-0.09472990777338601,45
vit_b_16,cam,3,abs_delta_edge_strength,prob_drop,-0.05375494071146245,45
vit_b_16,cam,3,abs_delta_entropy,prob_drop,0.04268774703557312,45
vit_b_16,cam,3,abs_delta_saturation,prob_drop,0.17444005270092228,45
vit_b_16,cam,3,abs_delta_colorfulness,prob_drop,-0.1932806324110672,45
vit_b_16,cam,4,abs_delta_brightness,prob_drop,-0.03188405797101449,45
vit_b_16,cam,4,abs_delta_contrast,prob_drop,0.028722002635046113,45
vit_b_16,cam,4,abs_delta_hf_energy,prob_drop,-0.02898550724637681,45
vit_b_16,cam,4,abs_delta_edge_strength,prob_drop,-0.11989459815546773,45
vit_b_16,cam,4,abs_delta_entropy,prob_drop,-0.001976284584980237,45
vit_b_16,cam,4,abs_delta_saturation,prob_drop,0.17852437417654807,45
vit_b_16,cam,4,abs_delta_colorfulness,prob_drop,-0.15046113306982872,45
vit_b_16,cam,5,abs_delta_brightness,prob_drop,-0.08801054018445321,45
vit_b_16,cam,5,abs_delta_contrast,prob_drop,-0.03214756258234519,45
vit_b_16,cam,5,abs_delta_hf_energy,prob_drop,-0.08603425559947299,45
vit_b_16,cam,5,abs_delta_edge_strength,prob_drop,-0.09314888010540184,45
vit_b_16,cam,5,abs_delta_entropy,prob_drop,0.07009222661396575,45
vit_b_16,cam,5,abs_delta_saturation,prob_drop,0.05665349143610013,45
vit_b_16,cam,5,abs_delta_colorfulness,prob_drop,-0.21054018445322792,45
vit_b_16,cam,1,abs_delta_brightness,centroid_shift,-0.15955204216073782,45
vit_b_16,cam,1,abs_delta_contrast,centroid_shift,0.026745718050065877,45
vit_b_16,cam,1,abs_delta_hf_energy,centroid_shift,-0.04361001317523057,45
vit_b_16,cam,1,abs_delta_edge_strength,centroid_shift,0.0766798418972332,45
vit_b_16,cam,1,abs_delta_entropy,centroid_shift,0.012252964426877469,45
vit_b_16,cam,1,abs_delta_saturation,centroid_shift,-0.11198945981554678,45
vit_b_16,cam,1,abs_delta_colorfulness,centroid_shift,-0.13069828722002635,45
vit_b_16,cam,2,abs_delta_brightness,centroid_shift,0.05573122529644268,45
vit_b_16,cam,2,abs_delta_contrast,centroid_shift,-0.0022397891963109352,45
vit_b_16,cam,2,abs_delta_hf_energy,centroid_shift,0.0150197628458498,45
vit_b_16,cam,2,abs_delta_edge_strength,centroid_shift,0.03438735177865612,45
vit_b_16,cam,2,abs_delta_entropy,centroid_shift,-0.11857707509881422,45
vit_b_16,cam,2,abs_delta_saturation,centroid_shift,0.040052700922266135,45
vit_b_16,cam,2,abs_delta_colorfulness,centroid_shift,0.11146245059288536,45
vit_b_16,cam,3,abs_delta_brightness,centroid_shift,0.17602108036890643,45
vit_b_16,cam,3,abs_delta_contrast,centroid_shift,-0.07852437417654808,45
vit_b_16,cam,3,abs_delta_hf_energy,centroid_shift,-0.02134387351778656,45
vit_b_16,cam,3,abs_delta_edge_strength,centroid_shift,0.029117259552042155,45
vit_b_16,cam,3,abs_delta_entropy,centroid_shift,0.08722002635046114,45
vit_b_16,cam,3,abs_delta_saturation,centroid_shift,0.20131752305665346,45
vit_b_16,cam,3,abs_delta_colorfulness,centroid_shift,0.00606060606060606,45
vit_b_16,cam,4,abs_delta_brightness,centroid_shift,-0.20065876152832673,45
vit_b_16,cam,4,abs_delta_contrast,centroid_shift,-0.23939393939393935,45
vit_b_16,cam,4,abs_delta_hf_energy,centroid_shift,-0.046508563899868245,45
vit_b_16,cam,4,abs_delta_edge_strength,centroid_shift,0.052042160737812905,45
vit_b_16,cam,4,abs_delta_entropy,centroid_shift,-0.14163372859025034,45
vit_b_16,cam,4,abs_delta_saturation,centroid_shift,0.07312252964426876,45
vit_b_16,cam,4,abs_delta_colorfulness,centroid_shift,-0.00461133069828722,45
vit_b_16,cam,5,abs_delta_brightness,centroid_shift,-0.3420289855072463,45
vit_b_16,cam,5,abs_delta_contrast,centroid_shift,0.12516469038208167,45
vit_b_16,cam,5,abs_delta_hf_energy,centroid_shift,0.1791831357048748,45
vit_b_16,cam,5,abs_delta_edge_strength,centroid_shift,0.2330698287220026,45
vit_b_16,cam,5,abs_delta_entropy,centroid_shift,-0.06824769433465086,45
vit_b_16,cam,5,abs_delta_saturation,centroid_shift,0.045059288537549404,45
vit_b_16,cam,5,abs_delta_colorfulness,centroid_shift,-0.06956521739130433,45
vit_b_16,ig,1,abs_delta_brightness,xai_iou,-0.33847167325428196,45
vit_b_16,ig,1,abs_delta_contrast,xai_iou,-0.17127799736495386,45
vit_b_16,ig,1,abs_delta_hf_energy,xai_iou,-0.29459815546772067,45
vit_b_16,ig,1,abs_delta_edge_strength,xai_iou,-0.0606060606060606,45
vit_b_16,ig,1,abs_delta_entropy,xai_iou,0.02371541501976284,45
vit_b_16,ig,1,abs_delta_saturation,xai_iou,-0.3621870882740447,45
vit_b_16,ig,1,abs_delta_colorfulness,xai_iou,0.014097496706192357,45
vit_b_16,ig,2,abs_delta_brightness,xai_iou,-0.5242596926326406,45
vit_b_16,ig,2,abs_delta_contrast,xai_iou,-0.1031654534635229,45
vit_b_16,ig,2,abs_delta_hf_energy,xai_iou,-0.14150663731778235,45
vit_b_16,ig,2,abs_delta_edge_strength,xai_iou,-0.14809446959514655,45
vit_b_16,ig,2,abs_delta_entropy,xai_iou,-0.26548964077777604,45
vit_b_16,ig,2,abs_delta_saturation,xai_iou,-0.42484930356721523,45
vit_b_16,ig,2,abs_delta_colorfulness,xai_iou,-0.13070259238290513,45
vit_b_16,ig,3,abs_delta_brightness,xai_iou,-0.6507246376811593,45
vit_b_16,ig,3,abs_delta_contrast,xai_iou,-0.12542819499341237,45
vit_b_16,ig,3,abs_delta_hf_energy,xai_iou,-0.1729907773386034,45
vit_b_16,ig,3,abs_delta_edge_strength,xai_iou,-0.141897233201581,45
vit_b_16,ig,3,abs_delta_entropy,xai_iou,-0.3204216073781291,45
vit_b_16,ig,3,abs_delta_saturation,xai_iou,-0.33162055335968377,45
vit_b_16,ig,3,abs_delta_colorfulness,xai_iou,-0.25230566534914356,45
vit_b_16,ig,4,abs_delta_brightness,xai_iou,-0.6563899868247695,45
vit_b_16,ig,4,abs_delta_contrast,xai_iou,-0.22160737812911724,45
vit_b_16,ig,4,abs_delta_hf_energy,xai_iou,-0.36613965744400523,45
vit_b_16,ig,4,abs_delta_edge_strength,xai_iou,-0.13939393939393938,45
vit_b_16,ig,4,abs_delta_entropy,xai_iou,-0.39328063241106714,45
vit_b_16,ig,4,abs_delta_saturation,xai_iou,-0.46021080368906453,45
vit_b_16,ig,4,abs_delta_colorfulness,xai_iou,-0.52266139657444,45
vit_b_16,ig,5,abs_delta_brightness,xai_iou,-0.5343390760170078,45
vit_b_16,ig,5,abs_delta_contrast,xai_iou,-0.1742481637362823,45
vit_b_16,ig,5,abs_delta_hf_energy,xai_iou,-0.44118712761507844,45
vit_b_16,ig,5,abs_delta_edge_strength,xai_iou,-0.2731315262195185,45
vit_b_16,ig,5,abs_delta_entropy,xai_iou,-0.6290721041655046,45
vit_b_16,ig,5,abs_delta_saturation,xai_iou,-0.589083962241904,45
vit_b_16,ig,5,abs_delta_colorfulness,xai_iou,-0.6641193718810818,45
vit_b_16,ig,1,abs_delta_brightness,prob_drop,-0.122266139657444,45
vit_b_16,ig,1,abs_delta_contrast,prob_drop,0.07391304347826086,45
vit_b_16,ig,1,abs_delta_hf_energy,prob_drop,0.03478260869565217,45
vit_b_16,ig,1,abs_delta_edge_strength,prob_drop,-0.13188405797101446,45
vit_b_16,ig,1,abs_delta_entropy,prob_drop,-0.19828722002635044,45
vit_b_16,ig,1,abs_delta_saturation,prob_drop,-0.012911725955204217,45
vit_b_16,ig,1,abs_delta_colorfulness,prob_drop,-0.32345191040843213,45
vit_b_16,ig,2,abs_delta_brightness,prob_drop,0.010013175230566534,45
vit_b_16,ig,2,abs_delta_contrast,prob_drop,0.09249011857707509,45
vit_b_16,ig,2,abs_delta_hf_energy,prob_drop,-0.05955204216073781,45
vit_b_16,ig,2,abs_delta_edge_strength,prob_drop,-0.0035573122529644263,45
vit_b_16,ig,2,abs_delta_entropy,prob_drop,0.046245059288537546,45
vit_b_16,ig,2,abs_delta_saturation,prob_drop,0.13583662714097497,45
vit_b_16,ig,2,abs_delta_colorfulness,prob_drop,-0.2758893280632411,45
vit_b_16,ig,3,abs_delta_brightness,prob_drop,-0.0461133069828722,45
vit_b_16,ig,3,abs_delta_contrast,prob_drop,0.10131752305665347,45
vit_b_16,ig,3,abs_delta_hf_energy,prob_drop,-0.09472990777338601,45
vit_b_16,ig,3,abs_delta_edge_strength,prob_drop,-0.05375494071146245,45
vit_b_16,ig,3,abs_delta_entropy,prob_drop,0.04268774703557312,45
vit_b_16,ig,3,abs_delta_saturation,prob_drop,0.17444005270092228,45
vit_b_16,ig,3,abs_delta_colorfulness,prob_drop,-0.1932806324110672,45
vit_b_16,ig,4,abs_delta_brightness,prob_drop,-0.03188405797101449,45
vit_b_16,ig,4,abs_delta_contrast,prob_drop,0.028722002635046113,45
vit_b_16,ig,4,abs_delta_hf_energy,prob_drop,-0.02898550724637681,45
vit_b_16,ig,4,abs_delta_edge_strength,prob_drop,-0.11989459815546773,45
vit_b_16,ig,4,abs_delta_entropy,prob_drop,-0.001976284584980237,45
vit_b_16,ig,4,abs_delta_saturation,prob_drop,0.17852437417654807,45
vit_b_16,ig,4,abs_delta_colorfulness,prob_drop,-0.15046113306982872,45
vit_b_16,ig,5,abs_delta_brightness,prob_drop,-0.08801054018445321,45
vit_b_16,ig,5,abs_delta_contrast,prob_drop,-0.03214756258234519,45
vit_b_16,ig,5,abs_delta_hf_energy,prob_drop,-0.08603425559947299,45
vit_b_16,ig,5,abs_delta_edge_strength,prob_drop,-0.09314888010540184,45
vit_b_16,ig,5,abs_delta_entropy,prob_drop,0.07009222661396575,45
vit_b_16,ig,5,abs_delta_saturation,prob_drop,0.05665349143610013,45
vit_b_16,ig,5,abs_delta_colorfulness,prob_drop,-0.21054018445322792,45
vit_b_16,ig,1,abs_delta_brightness,centroid_shift,0.49868247694334644,45
vit_b_16,ig,1,abs_delta_contrast,centroid_shift,0.32226613965744394,45
vit_b_16,ig,1,abs_delta_hf_energy,centroid_shift,0.3184453227931488,45
vit_b_16,ig,1,abs_delta_edge_strength,centroid_shift,0.21581027667984187,45
vit_b_16,ig,1,abs_delta_entropy,centroid_shift,0.22437417654808955,45
vit_b_16,ig,1,abs_delta_saturation,centroid_shift,0.6324110671936758,45
vit_b_16,ig,1,abs_delta_colorfulness,centroid_shift,0.4212121212121211,45
vit_b_16,ig,2,abs_delta_brightness,centroid_shift,0.5277997364953886,45
vit_b_16,ig,2,abs_delta_contrast,centroid_shift,0.19670619235836623,45
vit_b_16,ig,2,abs_delta_hf_energy,centroid_shift,0.13873517786561262,45
vit_b_16,ig,2,abs_delta_edge_strength,centroid_shift,0.22885375494071145,45
vit_b_16,ig,2,abs_delta_entropy,centroid_shift,0.4996047430830039,45
vit_b_16,ig,2,abs_delta_saturation,centroid_shift,0.541897233201581,45
vit_b_16,ig,2,abs_delta_colorfulness,centroid_shift,0.4772068511198946,45
vit_b_16,ig,3,abs_delta_brightness,centroid_shift,0.44743083003952566,45
vit_b_16,ig,3,abs_delta_contrast,centroid_shift,0.09472990777338601,45
vit_b_16,ig,3,abs_delta_hf_energy,centroid_shift,0.1686429512516469,45
vit_b_16,ig,3,abs_delta_edge_strength,centroid_shift,0.08208168642951251,45
vit_b_16,ig,3,abs_delta_entropy,centroid_shift,0.24808959156785243,45
vit_b_16,ig,3,abs_delta_saturation,centroid_shift,0.3312252964426877,45
vit_b_16,ig,3,abs_delta_colorfulness,centroid_shift,0.40711462450592883,45
vit_b_16,ig,4,abs_delta_brightness,centroid_shift,0.45902503293807634,45
vit_b_16,ig,4,abs_delta_contrast,centroid_shift,0.10079051383399208,45
vit_b_16,ig,4,abs_delta_hf_energy,centroid_shift,0.07891963109354413,45
vit_b_16,ig,4,abs_delta_edge_strength,centroid_shift,-0.09446640316205535,45
vit_b_16,ig,4,abs_delta_entropy,centroid_shift,0.21080368906455862,45
vit_b_16,ig,4,abs_delta_saturation,centroid_shift,0.2581027667984189,45
vit_b_16,ig,4,abs_delta_colorfulness,centroid_shift,0.3960474308300394,45
vit_b_16,ig,5,abs_delta_brightness,centroid_shift,0.36271409749670613,45
vit_b_16,ig,5,abs_delta_contrast,centroid_shift,0.07220026350461133,45
vit_b_16,ig,5,abs_delta_hf_energy,centroid_shift,0.04492753623188405,45
vit_b_16,ig,5,abs_delta_edge_strength,centroid_shift,-0.051383399209486154,45
vit_b_16,ig,5,abs_delta_entropy,centroid_shift,0.2005270092226614,45
vit_b_16,ig,5,abs_delta_saturation,centroid_shift,0.2455862977602108,45
vit_b_16,ig,5,abs_delta_colorfulness,centroid_shift,0.2903820816864295,45
vit_b_16,rollout,1,abs_delta_brightness,xai_iou,-0.6631311970394772,45
vit_b_16,rollout,1,abs_delta_contrast,xai_iou,-0.5866464642992794,45
vit_b_16,rollout,1,abs_delta_hf_energy,xai_iou,-0.5500181168371345,45
vit_b_16,rollout,1,abs_delta_edge_strength,xai_iou,-0.4652985937502313,45
vit_b_16,rollout,1,abs_delta_entropy,xai_iou,-0.3831483252515001,45
vit_b_16,rollout,1,abs_delta_saturation,xai_iou,-0.631575480430903,45
vit_b_16,rollout,1,abs_delta_colorfulness,xai_iou,-0.5752495144594393,45
vit_b_16,rollout,2,abs_delta_brightness,xai_iou,-0.7368906455862977,45
vit_b_16,rollout,2,abs_delta_contrast,xai_iou,-0.44729907773386024,45
vit_b_16,rollout,2,abs_delta_hf_energy,xai_iou,-0.3802371541501976,45
vit_b_16,rollout,2,abs_delta_edge_strength,xai_iou,-0.4808959156785243,45
vit_b_16,rollout,2,abs_delta_entropy,xai_iou,-0.7300395256916995,45
vit_b_16,rollout,2,abs_delta_saturation,xai_iou,-0.547167325428195,45
vit_b_16,rollout,2,abs_delta_colorfulness,xai_iou,-0.6690382081686428,45
vit_b_16,rollout,3,abs_delta_brightness,xai_iou,-0.7874835309617918,45
vit_b_16,rollout,3,abs_delta_contrast,xai_iou,-0.32964426877470354,45
vit_b_16,rollout,3,abs_delta_hf_energy,xai_iou,-0.43860342555994725,45
vit_b_16,rollout,3,abs_delta_edge_strength,xai_iou,-0.4135704874835309,45
vit_b_16,rollout,3,abs_delta_entropy,xai_iou,-0.591699604743083,45
vit_b_16,rollout,3,abs_delta_saturation,xai_iou,-0.5752305665349143,45
vit_b_16,rollout,3,abs_delta_colorfulness,xai_iou,-0.7209486166007905,45
vit_b_16,rollout,4,abs_delta_brightness,xai_iou,-0.7438735177865612,45
vit_b_16,rollout,4,abs_delta_contrast,xai_iou,-0.33873517786561264,45
vit_b_16,rollout,4,abs_delta_hf_energy,xai_iou,-0.5913043478260869,45
vit_b_16,rollout,4,abs_delta_edge_strength,xai_iou,-0.4457180500658761,45
vit_b_16,rollout,4,abs_delta_entropy,xai_iou,-0.5324110671936758,45
vit_b_16,rollout,4,abs_delta_saturation,xai_iou,-0.6376811594202898,45
vit_b_16,rollout,4,abs_delta_colorfulness,xai_iou,-0.8304347826086955,45
vit_b_16,rollout,5,abs_delta_brightness,xai_iou,-0.6823451910408431,45
vit_b_16,rollout,5,abs_delta_contrast,xai_iou,-0.27957839262187084,45
vit_b_16,rollout,5,abs_delta_hf_energy,xai_iou,-0.6031620553359682,45
vit_b_16,rollout,5,abs_delta_edge_strength,xai_iou,-0.4665349143610013,45
vit_b_16,rollout,5,abs_delta_entropy,xai_iou,-0.514361001317523,45
vit_b_16,rollout,5,abs_delta_saturation,xai_iou,-0.6417654808959156,45
vit_b_16,rollout,5,abs_delta_colorfulness,xai_iou,-0.8471673254281951,45
vit_b_16,rollout,1,abs_delta_brightness,prob_drop,-0.122266139657444,45
vit_b_16,rollout,1,abs_delta_contrast,prob_drop,0.07391304347826086,45
vit_b_16,rollout,1,abs_delta_hf_energy,prob_drop,0.03478260869565217,45
vit_b_16,rollout,1,abs_delta_edge_strength,prob_drop,-0.13188405797101446,45
vit_b_16,rollout,1,abs_delta_entropy,prob_drop,-0.19828722002635044,45
vit_b_16,rollout,1,abs_delta_saturation,prob_drop,-0.012911725955204217,45
vit_b_16,rollout,1,abs_delta_colorfulness,prob_drop,-0.32345191040843213,45
vit_b_16,rollout,2,abs_delta_brightness,prob_drop,0.010013175230566534,45
vit_b_16,rollout,2,abs_delta_contrast,prob_drop,0.09249011857707509,45
vit_b_16,rollout,2,abs_delta_hf_energy,prob_drop,-0.05955204216073781,45
vit_b_16,rollout,2,abs_delta_edge_strength,prob_drop,-0.0035573122529644263,45
vit_b_16,rollout,2,abs_delta_entropy,prob_drop,0.046245059288537546,45
vit_b_16,rollout,2,abs_delta_saturation,prob_drop,0.13583662714097497,45
vit_b_16,rollout,2,abs_delta_colorfulness,prob_drop,-0.2758893280632411,45
vit_b_16,rollout,3,abs_delta_brightness,prob_drop,-0.0461133069828722,45
vit_b_16,rollout,3,abs_delta_contrast,prob_drop,0.10131752305665347,45
vit_b_16,rollout,3,abs_delta_hf_energy,prob_drop,-0.09472990777338601,45
vit_b_16,rollout,3,abs_delta_edge_strength,prob_drop,-0.05375494071146245,45
vit_b_16,rollout,3,abs_delta_entropy,prob_drop,0.04268774703557312,45
vit_b_16,rollout,3,abs_delta_saturation,prob_drop,0.17444005270092228,45
vit_b_16,rollout,3,abs_delta_colorfulness,prob_drop,-0.1932806324110672,45
vit_b_16,rollout,4,abs_delta_brightness,prob_drop,-0.03188405797101449,45
vit_b_16,rollout,4,abs_delta_contrast,prob_drop,0.028722002635046113,45
vit_b_16,rollout,4,abs_delta_hf_energy,prob_drop,-0.02898550724637681,45
vit_b_16,rollout,4,abs_delta_edge_strength,prob_drop,-0.11989459815546773,45
vit_b_16,rollout,4,abs_delta_entropy,prob_drop,-0.001976284584980237,45
vit_b_16,rollout,4,abs_delta_saturation,prob_drop,0.17852437417654807,45
vit_b_16,rollout,4,abs_delta_colorfulness,prob_drop,-0.15046113306982872,45
vit_b_16,rollout,5,abs_delta_brightness,prob_drop,-0.08801054018445321,45
vit_b_16,rollout,5,abs_delta_contrast,prob_drop,-0.03214756258234519,45
vit_b_16,rollout,5,abs_delta_hf_energy,prob_drop,-0.08603425559947299,45
vit_b_16,rollout,5,abs_delta_edge_strength,prob_drop,-0.09314888010540184,45
vit_b_16,rollout,5,abs_delta_entropy,prob_drop,0.07009222661396575,45
vit_b_16,rollout,5,abs_delta_saturation,prob_drop,0.05665349143610013,45
vit_b_16,rollout,5,abs_delta_colorfulness,prob_drop,-0.21054018445322792,45
vit_b_16,rollout,1,abs_delta_brightness,centroid_shift,0.7080368906455863,45
vit_b_16,rollout,1,abs_delta_contrast,centroid_shift,0.33807641633728586,45
vit_b_16,rollout,1,abs_delta_hf_energy,centroid_shift,0.46376811594202894,45
vit_b_16,rollout,1,abs_delta_edge_strength,centroid_shift,0.2209486166007905,45
vit_b_16,rollout,1,abs_delta_entropy,centroid_shift,0.13122529644268774,45
vit_b_16,rollout,1,abs_delta_saturation,centroid_shift,0.4578392621870882,45
vit_b_16,rollout,1,abs_delta_colorfulness,centroid_shift,0.48932806324110667,45
vit_b_16,rollout,2,abs_delta_brightness,centroid_shift,0.6880105401844532,45
vit_b_16,rollout,2,abs_delta_contrast,centroid_shift,0.3694334650856389,45
vit_b_16,rollout,2,abs_delta_hf_energy,centroid_shift,0.17799736495388668,45
vit_b_16,rollout,2,abs_delta_edge_strength,centroid_shift,0.12002635046113307,45
vit_b_16,rollout,2,abs_delta_entropy,centroid_shift,0.45678524374176543,45
vit_b_16,rollout,2,abs_delta_saturation,centroid_shift,0.21370223978919628,45
vit_b_16,rollout,2,abs_delta_colorfulness,centroid_shift,0.330961791831357,45
vit_b_16,rollout,3,abs_delta_brightness,centroid_shift,0.6640316205533596,45
vit_b_16,rollout,3,abs_delta_contrast,centroid_shift,0.3077733860342556,45
vit_b_16,rollout,3,abs_delta_hf_energy,centroid_shift,0.27233201581027666,45
vit_b_16,rollout,3,abs_delta_edge_strength,centroid_shift,0.16903820816864293,45
vit_b_16,rollout,3,abs_delta_entropy,centroid_shift,0.30263504611330694,45
vit_b_16,rollout,3,abs_delta_saturation,centroid_shift,0.25520421607378124,45
vit_b_16,rollout,3,abs_delta_colorfulness,centroid_shift,0.38682476943346505,45
vit_b_16,rollout,4,abs_delta_brightness,centroid_shift,0.6741765480895915,45
vit_b_16,rollout,4,abs_delta_contrast,centroid_shift,0.2758893280632411,45
vit_b_16,rollout,4,abs_delta_hf_energy,centroid_shift,0.20065876152832673,45
vit_b_16,rollout,4,abs_delta_edge_strength,centroid_shift,-0.041106719367588924,45
vit_b_16,rollout,4,abs_delta_entropy,centroid_shift,0.35823451910408427,45
vit_b_16,rollout,4,abs_delta_saturation,centroid_shift,0.14690382081686426,45
vit_b_16,rollout,4,abs_delta_colorfulness,centroid_shift,0.3454545454545454,45
vit_b_16,rollout,5,abs_delta_brightness,centroid_shift,0.6621870882740447,45
vit_b_16,rollout,5,abs_delta_contrast,centroid_shift,0.28616600790513835,45
vit_b_16,rollout,5,abs_delta_hf_energy,centroid_shift,0.2198945981554677,45
vit_b_16,rollout,5,abs_delta_edge_strength,centroid_shift,0.07351778656126481,45
vit_b_16,rollout,5,abs_delta_entropy,centroid_shift,0.38590250329380754,45
vit_b_16,rollout,5,abs_delta_saturation,centroid_shift,0.18682476943346504,45
vit_b_16,rollout,5,abs_delta_colorfulness,centroid_shift,0.40065876152832663,45
vit_b_32,cam,1,abs_delta_brightness,xai_iou,-0.10144927536231883,45
vit_b_32,cam,1,abs_delta_contrast,xai_iou,-0.48814229249011853,45
vit_b_32,cam,1,abs_delta_hf_energy,xai_iou,-0.4378129117259552,45
vit_b_32,cam,1,abs_delta_edge_strength,xai_iou,-0.42766798418972335,45
vit_b_32,cam,1,abs_delta_entropy,xai_iou,-0.13741765480895915,45
vit_b_32,cam,1,abs_delta_saturation,xai_iou,-0.2706192358366271,45
vit_b_32,cam,1,abs_delta_colorfulness,xai_iou,-0.02727272727272727,45
vit_b_32,cam,2,abs_delta_brightness,xai_iou,-0.2571805006587615,45
vit_b_32,cam,2,abs_delta_contrast,xai_iou,-0.09130434782608696,45
vit_b_32,cam,2,abs_delta_hf_energy,xai_iou,-0.175098814229249,45
vit_b_32,cam,2,abs_delta_edge_strength,xai_iou,-0.22371541501976283,45
vit_b_32,cam,2,abs_delta_entropy,xai_iou,-0.152832674571805,45
vit_b_32,cam,2,abs_delta_saturation,xai_iou,-0.4164690382081686,45
vit_b_32,cam,2,abs_delta_colorfulness,xai_iou,-0.12081686429512514,45
vit_b_32,cam,3,abs_delta_brightness,xai_iou,-0.3459815546772068,45
vit_b_32,cam,3,abs_delta_contrast,xai_iou,0.029776021080368906,45
vit_b_32,cam,3,abs_delta_hf_energy,xai_iou,-0.21436100131752303,45
vit_b_32,cam,3,abs_delta_edge_strength,xai_iou,-0.22911725955204212,45
vit_b_32,cam,3,abs_delta_entropy,xai_iou,-0.0533596837944664,45
vit_b_32,cam,3,abs_delta_saturation,xai_iou,-0.2553359683794466,45
vit_b_32,cam,3,abs_delta_colorfulness,xai_iou,-0.20606060606060603,45
vit_b_32,cam,4,abs_delta_brightness,xai_iou,-0.17523056653491434,45
vit_b_32,cam,4,abs_delta_contrast,xai_iou,0.07957839262187089,45
vit_b_32,cam,4,abs_delta_hf_energy,xai_iou,-0.40223978919631087,45
vit_b_32,cam,4,abs_delta_edge_strength,xai_iou,-0.3440052700922266,45
vit_b_32,cam,4,abs_delta_entropy,xai_iou,-0.004084321475625824,45
vit_b_32,cam,4,abs_delta_saturation,xai_iou,-0.30263504611330694,45
vit_b_32,cam,4,abs_delta_colorfulness,xai_iou,-0.3791831357048748,45
vit_b_32,cam,5,abs_delta_brightness,xai_iou,-0.057444005270092226,45
vit_b_32,cam,5,abs_delta_contrast,xai_iou,0.16772068511198945,45
vit_b_32,cam,5,abs_delta_hf_energy,xai_iou,-0.25797101449275356,45
vit_b_32,cam,5,abs_delta_edge_strength,xai_iou,-0.27799736495388666,45
vit_b_32,cam,5,abs_delta_entropy,xai_iou,-0.20724637681159416,45
vit_b_32,cam,5,abs_delta_saturation,xai_iou,-0.37246376811594195,45
vit_b_32,cam,5,abs_delta_colorfulness,xai_iou,-0.3598155467720685,45
vit_b_32,cam,1,abs_delta_brightness,prob_drop,0.01515151515151515,45
vit_b_32,cam,1,abs_delta_contrast,prob_drop,0.05599472990777339,45
vit_b_32,cam,1,abs_delta_hf_energy,prob_drop,0.23280632411067192,45
vit_b_32,cam,1,abs_delta_edge_strength,prob_drop,0.01080368906455863,45
vit_b_32,cam,1,abs_delta_entropy,prob_drop,-0.07918313570487483,45
vit_b_32,cam,1,abs_delta_saturation,prob_drop,0.16824769433465084,45
vit_b_32,cam,1,abs_delta_colorfulness,prob_drop,0.0018445322793148877,45
vit_b_32,cam,2,abs_delta_brightness,prob_drop,0.18722002635046112,45
vit_b_32,cam,2,abs_delta_contrast,prob_drop,0.024374176548089592,45
vit_b_32,cam,2,abs_delta_hf_energy,prob_drop,0.08353096179183135,45
vit_b_32,cam,2,abs_delta_edge_strength,prob_drop,0.08432147562582346,45
vit_b_32,cam,2,abs_delta_entropy,prob_drop,0.10566534914361,45
vit_b_32,cam,2,abs_delta_saturation,prob_drop,0.19920948616600792,45
vit_b_32,cam,2,abs_delta_colorfulness,prob_drop,-0.07048748353096179,45
vit_b_32,cam,3,abs_delta_brightness,prob_drop,0.19868247694334648,45
vit_b_32,cam,3,abs_delta_contrast,prob_drop,-0.025296442687747032,45
vit_b_32,cam,3,abs_delta_hf_energy,prob_drop,-0.018972332015810275,45
vit_b_32,cam,3,abs_delta_edge_strength,prob_drop,-0.08629776021080368,45
vit_b_32,cam,3,abs_delta_entropy,prob_drop,0.01844532279314888,45
vit_b_32,cam,3,abs_delta_saturation,prob_drop,0.10131752305665347,45
vit_b_32,cam,3,abs_delta_colorfulness,prob_drop,-0.10856389986824767,45
vit_b_32,cam,4,abs_delta_brightness,prob_drop,-0.023320158102766796,45
vit_b_32,cam,4,abs_delta_contrast,prob_drop,-0.12582345191040842,45
vit_b_32,cam,4,abs_delta_hf_energy,prob_drop,-0.06469038208168643,45
vit_b_32,cam,4,abs_delta_edge_strength,prob_drop,-0.15006587615283265,45
vit_b_32,cam,4,abs_delta_entropy,prob_drop,-0.16969696969696968,45
vit_b_32,cam,4,abs_delta_saturation,prob_drop,-0.008432147562582345,45
vit_b_32,cam,4,abs_delta_colorfulness,prob_drop,-0.15480895915678522,45
vit_b_32,cam,5,abs_delta_brightness,prob_drop,-0.0013175230566534915,45
vit_b_32,cam,5,abs_delta_contrast,prob_drop,-0.10250329380764163,45
vit_b_32,cam,5,abs_delta_hf_energy,prob_drop,0.008168642951251647,45
vit_b_32,cam,5,abs_delta_edge_strength,prob_drop,-0.02845849802371541,45
vit_b_32,cam,5,abs_delta_entropy,prob_drop,0.11515151515151513,45
vit_b_32,cam,5,abs_delta_saturation,prob_drop,-0.002766798418972332,45
vit_b_32,cam,5,abs_delta_colorfulness,prob_drop,-0.08735177865612648,45
vit_b_32,cam,1,abs_delta_brightness,centroid_shift,-0.1188405797101449,45
vit_b_32,cam,1,abs_delta_contrast,centroid_shift,0.2213438735177865,45
vit_b_32,cam,1,abs_delta_hf_energy,centroid_shift,0.28287220026350457,45
vit_b_32,cam,1,abs_delta_edge_strength,centroid_shift,0.3670619235836627,45
vit_b_32,cam,1,abs_delta_entropy,centroid_shift,0.21133069828722,45
vit_b_32,cam,1,abs_delta_saturation,centroid_shift,0.28287220026350457,45
vit_b_32,cam,1,abs_delta_colorfulness,centroid_shift,0.04940711462450593,45
vit_b_32,cam,2,abs_delta_brightness,centroid_shift,0.13794466403162056,45
vit_b_32,cam,2,abs_delta_contrast,centroid_shift,-0.122266139657444,45
vit_b_32,cam,2,abs_delta_hf_energy,centroid_shift,0.03939393939393939,45
vit_b_32,cam,2,abs_delta_edge_strength,centroid_shift,0.2380764163372859,45
vit_b_32,cam,2,abs_delta_entropy,centroid_shift,0.16482213438735177,45
vit_b_32,cam,2,abs_delta_saturation,centroid_shift,0.2965744400527009,45
vit_b_32,cam,2,abs_delta_colorfulness,centroid_shift,0.19525691699604739,45
vit_b_32,cam,3,abs_delta_brightness,centroid_shift,0.10777338603425558,45
vit_b_32,cam,3,abs_delta_contrast,centroid_shift,-0.04216073781291173,45
vit_b_32,cam,3,abs_delta_hf_energy,centroid_shift,0.24861660079051381,45
vit_b_32,cam,3,abs_delta_edge_strength,centroid_shift,0.3188405797101449,45
vit_b_32,cam,3,abs_delta_entropy,centroid_shift,0.1152832674571805,45
vit_b_32,cam,3,abs_delta_saturation,centroid_shift,0.0963109354413702,45
vit_b_32,cam,3,abs_delta_colorfulness,centroid_shift,0.11805006587615281,45
vit_b_32,cam,4,abs_delta_brightness,centroid_shift,-0.013702239789196309,45
vit_b_32,cam,4,abs_delta_contrast,centroid_shift,-0.07944664031620552,45
vit_b_32,cam,4,abs_delta_hf_energy,centroid_shift,0.3990777338603425,45
vit_b_32,cam,4,abs_delta_edge_strength,centroid_shift,0.4495388669301712,45
vit_b_32,cam,4,abs_delta_entropy,centroid_shift,0.07351778656126481,45
vit_b_32,cam,4,abs_delta_saturation,centroid_shift,0.15731225296442686,45
vit_b_32,cam,4,abs_delta_colorfulness,centroid_shift,0.22872200263504605,45
vit_b_32,cam,5,abs_delta_brightness,centroid_shift,0.029249011857707508,45
vit_b_32,cam,5,abs_delta_contrast,centroid_shift,-0.25942028985507243,45
vit_b_32,cam,5,abs_delta_hf_energy,centroid_shift,0.12753623188405797,45
vit_b_32,cam,5,abs_delta_edge_strength,centroid_shift,0.20223978919631094,45
vit_b_32,cam,5,abs_delta_entropy,centroid_shift,0.07101449275362318,45
vit_b_32,cam,5,abs_delta_saturation,centroid_shift,0.14914361001317522,45
vit_b_32,cam,5,abs_delta_colorfulness,centroid_shift,0.12332015810276678,45
vit_b_32,ig,1,abs_delta_brightness,xai_iou,-0.45731225296442685,45
vit_b_32,ig,1,abs_delta_contrast,xai_iou,-0.35533596837944664,45
vit_b_32,ig,1,abs_delta_hf_energy,xai_iou,-0.3021080368906456,45
vit_b_32,ig,1,abs_delta_edge_strength,xai_iou,-0.1869565217391304,45
vit_b_32,ig,1,abs_delta_entropy,xai_iou,0.07760210803689063,45
vit_b_32,ig,1,abs_delta_saturation,xai_iou,-0.3251646903820817,45
vit_b_32,ig,1,abs_delta_colorfulness,xai_iou,0.022134387351778657,45
vit_b_32,ig,2,abs_delta_brightness,xai_iou,-0.5079051383399208,45
vit_b_32,ig,2,abs_delta_contrast,xai_iou,-0.24901185770750983,45
vit_b_32,ig,2,abs_delta_hf_energy,xai_iou,-0.18274044795783925,45
vit_b_32,ig,2,abs_delta_edge_strength,xai_iou,-0.27799736495388666,45
vit_b_32,ig,2,abs_delta_entropy,xai_iou,-0.3007905138339921,45
vit_b_32,ig,2,abs_delta_saturation,xai_iou,-0.35111989459815546,45
vit_b_32,ig,2,abs_delta_colorfulness,xai_iou,-0.17667984189723318,45
vit_b_32,ig,3,abs_delta_brightness,xai_iou,-0.7538866930171279,45
vit_b_32,ig,3,abs_delta_contrast,xai_iou,-0.20606060606060603,45
vit_b_32,ig,3,abs_delta_hf_energy,xai_iou,-0.19881422924901182,45
vit_b_32,ig,3,abs_delta_edge_strength,xai_iou,-0.24677206851119893,45
vit_b_32,ig,3,abs_delta_entropy,xai_iou,-0.3130434782608695,45
vit_b_32,ig,3,abs_delta_saturation,xai_iou,-0.3799736495388669,45
vit_b_32,ig,3,abs_delta_colorfulness,xai_iou,-0.3494071146245059,45
vit_b_32,ig,4,abs_delta_brightness,xai_iou,-0.7588932806324109,45
vit_b_32,ig,4,abs_delta_contrast,xai_iou,-0.23899868247694334,45
vit_b_32,ig,4,abs_delta_hf_energy,xai_iou,-0.3808959156785243,45
vit_b_32,ig,4,abs_delta_edge_strength,xai_iou,-0.27826086956521734,45
vit_b_32,ig,4,abs_delta_entropy,xai_iou,-0.275098814229249,45
vit_b_32,ig,4,abs_delta_saturation,xai_iou,-0.5263504611330697,45
vit_b_32,ig,4,abs_delta_colorfulness,xai_iou,-0.5953886693017127,45
vit_b_32,ig,5,abs_delta_brightness,xai_iou,-0.6960474308300395,45
vit_b_32,ig,5,abs_delta_contrast,xai_iou,-0.2938076416337285,45
vit_b_32,ig,5,abs_delta_hf_energy,xai_iou,-0.46837944664031617,45
vit_b_32,ig,5,abs_delta_edge_strength,xai_iou,-0.35362318840579704,45
vit_b_32,ig,5,abs_delta_entropy,xai_iou,-0.5442687747035573,45
vit_b_32,ig,5,abs_delta_saturation,xai_iou,-0.6247694334650856,45
vit_b_32,ig,5,abs_delta_colorfulness,xai_iou,-0.7490118577075098,45
vit_b_32,ig,1,abs_delta_brightness,prob_drop,0.01515151515151515,45
vit_b_32,ig,1,abs_delta_contrast,prob_drop,0.05599472990777339,45
vit_b_32,ig,1,abs_delta_hf_energy,prob_drop,0.23280632411067192,45
vit_b_32,ig,1,abs_delta_edge_strength,prob_drop,0.01080368906455863,45
vit_b_32,ig,1,abs_delta_entropy,prob_drop,-0.07918313570487483,45
vit_b_32,ig,1,abs_delta_saturation,prob_drop,0.16824769433465084,45
vit_b_32,ig,1,abs_delta_colorfulness,prob_drop,0.0018445322793148877,45
vit_b_32,ig,2,abs_delta_brightness,prob_drop,0.18722002635046112,45
vit_b_32,ig,2,abs_delta_contrast,prob_drop,0.024374176548089592,45
vit_b_32,ig,2,abs_delta_hf_energy,prob_drop,0.08353096179183135,45
vit_b_32,ig,2,abs_delta_edge_strength,prob_drop,0.08432147562582346,45
vit_b_32,ig,2,abs_delta_entropy,prob_drop,0.10566534914361,45
vit_b_32,ig,2,abs_delta_saturation,prob_drop,0.19920948616600792,45
vit_b_32,ig,2,abs_delta_colorfulness,prob_drop,-0.07048748353096179,45
vit_b_32,ig,3,abs_delta_brightness,prob_drop,0.19868247694334648,45
vit_b_32,ig,3,abs_delta_contrast,prob_drop,-0.025296442687747032,45
vit_b_32,ig,3,abs_delta_hf_energy,prob_drop,-0.018972332015810275,45
vit_b_32,ig,3,abs_delta_edge_strength,prob_drop,-0.08629776021080368,45
vit_b_32,ig,3,abs_delta_entropy,prob_drop,0.01844532279314888,45
vit_b_32,ig,3,abs_delta_saturation,prob_drop,0.10131752305665347,45
vit_b_32,ig,3,abs_delta_colorfulness,prob_drop,-0.10856389986824767,45
vit_b_32,ig,4,abs_delta_brightness,prob_drop,-0.023320158102766796,45
vit_b_32,ig,4,abs_delta_contrast,prob_drop,-0.12582345191040842,45
vit_b_32,ig,4,abs_delta_hf_energy,prob_drop,-0.06469038208168643,45
vit_b_32,ig,4,abs_delta_edge_strength,prob_drop,-0.15006587615283265,45
vit_b_32,ig,4,abs_delta_entropy,prob_drop,-0.16969696969696968,45
vit_b_32,ig,4,abs_delta_saturation,prob_drop,-0.008432147562582345,45
vit_b_32,ig,4,abs_delta_colorfulness,prob_drop,-0.15480895915678522,45
vit_b_32,ig,5,abs_delta_brightness,prob_drop,-0.0013175230566534915,45
vit_b_32,ig,5,abs_delta_contrast,prob_drop,-0.10250329380764163,45
vit_b_32,ig,5,abs_delta_hf_energy,prob_drop,0.008168642951251647,45
vit_b_32,ig,5,abs_delta_edge_strength,prob_drop,-0.02845849802371541,45
vit_b_32,ig,5,abs_delta_entropy,prob_drop,0.11515151515151513,45
vit_b_32,ig,5,abs_delta_saturation,prob_drop,-0.002766798418972332,45
vit_b_32,ig,5,abs_delta_colorfulness,prob_drop,-0.08735177865612648,45
vit_b_32,ig,1,abs_delta_brightness,centroid_shift,0.5683794466403161,45
vit_b_32,ig,1,abs_delta_contrast,centroid_shift,0.22569169960474303,45
vit_b_32,ig,1,abs_delta_hf_energy,centroid_shift,0.050592885375494064,45
vit_b_32,ig,1,abs_delta_edge_strength,centroid_shift,0.11014492753623187,45
vit_b_32,ig,1,abs_delta_entropy,centroid_shift,0.15783926218708827,45
vit_b_32,ig,1,abs_delta_saturation,centroid_shift,0.3476943346508563,45
vit_b_32,ig,1,abs_delta_colorfulness,centroid_shift,0.4081686429512516,45
vit_b_32,ig,2,abs_delta_brightness,centroid_shift,0.5753623188405796,45
vit_b_32,ig,2,abs_delta_contrast,centroid_shift,0.3395256916996047,45
vit_b_32,ig,2,abs_delta_hf_energy,centroid_shift,0.04071146245059288,45
vit_b_32,ig,2,abs_delta_edge_strength,centroid_shift,0.17312252964426875,45
vit_b_32,ig,2,abs_delta_entropy,centroid_shift,0.3926218708827405,45
vit_b_32,ig,2,abs_delta_saturation,centroid_shift,0.27101449275362316,45
vit_b_32,ig,2,abs_delta_colorfulness,centroid_shift,0.3425559947299077,45
vit_b_32,ig,3,abs_delta_brightness,centroid_shift,0.47259552042160735,45
vit_b_32,ig,3,abs_delta_contrast,centroid_shift,0.2281949934123847,45
vit_b_32,ig,3,abs_delta_hf_energy,centroid_shift,-0.05322793148880104,45
vit_b_32,ig,3,abs_delta_edge_strength,centroid_shift,-0.08036890645586296,45
vit_b_32,ig,3,abs_delta_entropy,centroid_shift,0.32490118577075094,45
vit_b_32,ig,3,abs_delta_saturation,centroid_shift,0.12621870882740446,45
vit_b_32,ig,3,abs_delta_colorfulness,centroid_shift,0.1600790513833992,45
vit_b_32,ig,4,abs_delta_brightness,centroid_shift,0.5617918313570487,45
vit_b_32,ig,4,abs_delta_contrast,centroid_shift,0.25138339920948616,45
vit_b_32,ig,4,abs_delta_hf_energy,centroid_shift,0.02542819499341238,45
vit_b_32,ig,4,abs_delta_edge_strength,centroid_shift,-0.10961791831357047,45
vit_b_32,ig,4,abs_delta_entropy,centroid_shift,0.1681159420289855,45
vit_b_32,ig,4,abs_delta_saturation,centroid_shift,0.20368906455862978,45
vit_b_32,ig,4,abs_delta_colorfulness,centroid_shift,0.19183135704874835,45
vit_b_32,ig,5,abs_delta_brightness,centroid_shift,0.34808959156785235,45
vit_b_32,ig,5,abs_delta_contrast,centroid_shift,0.04795783926218709,45
vit_b_32,ig,5,abs_delta_hf_energy,centroid_shift,0.09762845849802369,45
vit_b_32,ig,5,abs_delta_edge_strength,centroid_shift,0.006982872200263504,45
vit_b_32,ig,5,abs_delta_entropy,centroid_shift,0.236231884057971,45
vit_b_32,ig,5,abs_delta_saturation,centroid_shift,0.10566534914361,45
vit_b_32,ig,5,abs_delta_colorfulness,centroid_shift,0.2229249011857707,45
vit_b_32,rollout,1,abs_delta_brightness,xai_iou,-0.7282848582626089,45
vit_b_32,rollout,1,abs_delta_contrast,xai_iou,-0.5361177907318961,45
vit_b_32,rollout,1,abs_delta_hf_energy,xai_iou,-0.335913567822799,45
vit_b_32,rollout,1,abs_delta_edge_strength,xai_iou,-0.23959945992773482,45
vit_b_32,rollout,1,abs_delta_entropy,xai_iou,-0.16601337338957708,45
vit_b_32,rollout,1,abs_delta_saturation,xai_iou,-0.3803155573722335,45
vit_b_32,rollout,1,abs_delta_colorfulness,xai_iou,-0.3858493364852194,45
vit_b_32,rollout,2,abs_delta_brightness,xai_iou,-0.7396159297796753,45
vit_b_32,rollout,2,abs_delta_contrast,xai_iou,-0.5127968644700269,45
vit_b_32,rollout,2,abs_delta_hf_energy,xai_iou,-0.23143054790380327,45
vit_b_32,rollout,2,abs_delta_edge_strength,xai_iou,-0.25020586989429117,45
vit_b_32,rollout,2,abs_delta_entropy,xai_iou,-0.5131921344066688,45
vit_b_32,rollout,2,abs_delta_saturation,xai_iou,-0.25270924615968954,45
vit_b_32,rollout,2,abs_delta_colorfulness,xai_iou,-0.39243716876258355,45
vit_b_32,rollout,3,abs_delta_brightness,xai_iou,-0.7353997171221622,45
vit_b_32,rollout,3,abs_delta_contrast,xai_iou,-0.3712243488294709,45
vit_b_32,rollout,3,abs_delta_hf_energy,xai_iou,-0.294541981120952,45
vit_b_32,rollout,3,abs_delta_edge_strength,xai_iou,-0.23999472986437667,45
vit_b_32,rollout,3,abs_delta_entropy,xai_iou,-0.3509997037379629,45
vit_b_32,rollout,3,abs_delta_saturation,xai_iou,-0.26845416530258986,45
vit_b_32,rollout,3,abs_delta_colorfulness,xai_iou,-0.4034388486657817,45
vit_b_32,rollout,4,abs_delta_brightness,xai_iou,-0.731357048748353,45
vit_b_32,rollout,4,abs_delta_contrast,xai_iou,-0.45243741765480894,45
vit_b_32,rollout,4,abs_delta_hf_energy,xai_iou,-0.4098814229249011,45
vit_b_32,rollout,4,abs_delta_edge_strength,xai_iou,-0.2511198945981555,45
vit_b_32,rollout,4,abs_delta_entropy,xai_iou,-0.4035573122529644,45
vit_b_32,rollout,4,abs_delta_saturation,xai_iou,-0.3552042160737813,45
vit_b_32,rollout,4,abs_delta_colorfulness,xai_iou,-0.5503293807641633,45
vit_b_32,rollout,5,abs_delta_brightness,xai_iou,-0.6517342471996372,45
vit_b_32,rollout,5,abs_delta_contrast,xai_iou,-0.32972100548207667,45
vit_b_32,rollout,5,abs_delta_hf_energy,xai_iou,-0.4869725619427594,45
vit_b_32,rollout,5,abs_delta_edge_strength,xai_iou,-0.3674692844313734,45
vit_b_32,rollout,5,abs_delta_entropy,xai_iou,-0.3306433020009077,45
vit_b_32,rollout,5,abs_delta_saturation,xai_iou,-0.3769557629107778,45
vit_b_32,rollout,5,abs_delta_colorfulness,xai_iou,-0.6191903557494582,45
vit_b_32,rollout,1,abs_delta_brightness,prob_drop,0.01515151515151515,45
vit_b_32,rollout,1,abs_delta_contrast,prob_drop,0.05599472990777339,45
vit_b_32,rollout,1,abs_delta_hf_energy,prob_drop,0.23280632411067192,45
vit_b_32,rollout,1,abs_delta_edge_strength,prob_drop,0.01080368906455863,45
vit_b_32,rollout,1,abs_delta_entropy,prob_drop,-0.07918313570487483,45
vit_b_32,rollout,1,abs_delta_saturation,prob_drop,0.16824769433465084,45
vit_b_32,rollout,1,abs_delta_colorfulness,prob_drop,0.0018445322793148877,45
vit_b_32,rollout,2,abs_delta_brightness,prob_drop,0.18722002635046112,45
vit_b_32,rollout,2,abs_delta_contrast,prob_drop,0.024374176548089592,45
vit_b_32,rollout,2,abs_delta_hf_energy,prob_drop,0.08353096179183135,45
vit_b_32,rollout,2,abs_delta_edge_strength,prob_drop,0.08432147562582346,45
vit_b_32,rollout,2,abs_delta_entropy,prob_drop,0.10566534914361,45
vit_b_32,rollout,2,abs_delta_saturation,prob_drop,0.19920948616600792,45
vit_b_32,rollout,2,abs_delta_colorfulness,prob_drop,-0.07048748353096179,45
vit_b_32,rollout,3,abs_delta_brightness,prob_drop,0.19868247694334648,45
vit_b_32,rollout,3,abs_delta_contrast,prob_drop,-0.025296442687747032,45
vit_b_32,rollout,3,abs_delta_hf_energy,prob_drop,-0.018972332015810275,45
vit_b_32,rollout,3,abs_delta_edge_strength,prob_drop,-0.08629776021080368,45
vit_b_32,rollout,3,abs_delta_entropy,prob_drop,0.01844532279314888,45
vit_b_32,rollout,3,abs_delta_saturation,prob_drop,0.10131752305665347,45
vit_b_32,rollout,3,abs_delta_colorfulness,prob_drop,-0.10856389986824767,45
vit_b_32,rollout,4,abs_delta_brightness,prob_drop,-0.023320158102766796,45
vit_b_32,rollout,4,abs_delta_contrast,prob_drop,-0.12582345191040842,45
vit_b_32,rollout,4,abs_delta_hf_energy,prob_drop,-0.06469038208168643,45
vit_b_32,rollout,4,abs_delta_edge_strength,prob_drop,-0.15006587615283265,45
vit_b_32,rollout,4,abs_delta_entropy,prob_drop,-0.16969696969696968,45
vit_b_32,rollout,4,abs_delta_saturation,prob_drop,-0.008432147562582345,45
vit_b_32,rollout,4,abs_delta_colorfulness,prob_drop,-0.15480895915678522,45
vit_b_32,rollout,5,abs_delta_brightness,prob_drop,-0.0013175230566534915,45
vit_b_32,rollout,5,abs_delta_contrast,prob_drop,-0.10250329380764163,45
vit_b_32,rollout,5,abs_delta_hf_energy,prob_drop,0.008168642951251647,45
vit_b_32,rollout,5,abs_delta_edge_strength,prob_drop,-0.02845849802371541,45
vit_b_32,rollout,5,abs_delta_entropy,prob_drop,0.11515151515151513,45
vit_b_32,rollout,5,abs_delta_saturation,prob_drop,-0.002766798418972332,45
vit_b_32,rollout,5,abs_delta_colorfulness,prob_drop,-0.08735177865612648,45
vit_b_32,rollout,1,abs_delta_brightness,centroid_shift,0.720816864295125,45
vit_b_32,rollout,1,abs_delta_contrast,centroid_shift,0.4260869565217391,45
vit_b_32,rollout,1,abs_delta_hf_energy,centroid_shift,0.3042160737812911,45
vit_b_32,rollout,1,abs_delta_edge_strength,centroid_shift,0.28642951251646903,45
vit_b_32,rollout,1,abs_delta_entropy,centroid_shift,0.20922266139657444,45
vit_b_32,rollout,1,abs_delta_saturation,centroid_shift,0.43702239789196307,45
vit_b_32,rollout,1,abs_delta_colorfulness,centroid_shift,0.5023715415019762,45
vit_b_32,rollout,2,abs_delta_brightness,centroid_shift,0.7362318840579709,45
vit_b_32,rollout,2,abs_delta_contrast,centroid_shift,0.44242424242424244,45
vit_b_32,rollout,2,abs_delta_hf_energy,centroid_shift,0.10803689064558629,45
vit_b_32,rollout,2,abs_delta_edge_strength,centroid_shift,0.2670619235836627,45
vit_b_32,rollout,2,abs_delta_entropy,centroid_shift,0.5455862977602107,45
vit_b_32,rollout,2,abs_delta_saturation,centroid_shift,0.2624505928853755,45
vit_b_32,rollout,2,abs_delta_colorfulness,centroid_shift,0.4343873517786561,45
vit_b_32,rollout,3,abs_delta_brightness,centroid_shift,0.7403162055335968,45
vit_b_32,rollout,3,abs_delta_contrast,centroid_shift,0.34005270092226614,45
vit_b_32,rollout,3,abs_delta_hf_energy,centroid_shift,0.16693017127799736,45
vit_b_32,rollout,3,abs_delta_edge_strength,centroid_shift,0.15889328063241104,45
vit_b_32,rollout,3,abs_delta_entropy,centroid_shift,0.3696969696969697,45
vit_b_32,rollout,3,abs_delta_saturation,centroid_shift,0.2874835309617918,45
vit_b_32,rollout,3,abs_delta_colorfulness,centroid_shift,0.39341238471673246,45
vit_b_32,rollout,4,abs_delta_brightness,centroid_shift,0.7720685111989459,45
vit_b_32,rollout,4,abs_delta_contrast,centroid_shift,0.38537549407114624,45
vit_b_32,rollout,4,abs_delta_hf_energy,centroid_shift,0.29538866930171276,45
vit_b_32,rollout,4,abs_delta_edge_strength,centroid_shift,0.17984189723320157,45
vit_b_32,rollout,4,abs_delta_entropy,centroid_shift,0.48682476943346503,45
vit_b_32,rollout,4,abs_delta_saturation,centroid_shift,0.36666666666666664,45
vit_b_32,rollout,4,abs_delta_colorfulness,centroid_shift,0.5732542819499341,45
vit_b_32,rollout,5,abs_delta_brightness,centroid_shift,0.740052700922266,45
vit_b_32,rollout,5,abs_delta_contrast,centroid_shift,0.372859025032938,45
vit_b_32,rollout,5,abs_delta_hf_energy,centroid_shift,0.27035573122529644,45
vit_b_32,rollout,5,abs_delta_edge_strength,centroid_shift,0.19222661396574436,45
vit_b_32,rollout,5,abs_delta_entropy,centroid_shift,0.3108036890645586,45
vit_b_32,rollout,5,abs_delta_saturation,centroid_shift,0.38432147562582336,45
vit_b_32,rollout,5,abs_delta_colorfulness,centroid_shift,0.5573122529644269,45
